Sl. No,Project Name,Agency,Project Code,State,Approval Date,Start Date,Target DoC,Revised DoC,Original Cost,Revised Cost,Cumulative Expenditure,Physical Progress
1,"Construction of New Domestic Terminal Building Building and miscellaneous works including maintenance, operations and AICMC at Kadapa Airport",Airport Authority of India [AAI],612786,Andhra Pradesh,03/2023,01/2024,01/2026,09/2026,265.91,265.91,176.38,80
2,Construction of New Integrated Terminal Building and associated works including apron to park 3 code E type of aircraft or 6 code C type of aircraft at Vijayawada Airport.,Airport Authority of India [AAI],701107,Andhra Pradesh,06/2020,09/2020,09/2022,11/2026,611.8,824.28,572.99,89.7
3,Construction of New Domestic Terminal Building at Rajahmundry Airport.,Airport Authority of India [AAI],701121,Andhra Pradesh,12/2022,08/2023,08/2025,08/2026,347.15,347.15,189.48,96
4,Guwahati Airport New Integrated Terminal Building Construction Project,Adani Airport Holdings Limited,706724,Assam,12/2016,03/2018,03/2025,06/2026,1712,2520,2670.23,99.5
5,Development of New Civil Enclave at Bihta,Airport Authority of India [AAI],612183,Bihar,08/2024,04/2025,03/2027,-,1413,1413,15.53,4.15
6,Development of New Civil Enclave and associated works at Darbhanga Airport,Airport Authority of India [AAI],612194,Bihar,07/2024,07/2024,07/2026,11/2026,911.66,911.66,426.22,71.1
7,"Construction of New Domestic Terminal Building [Phase-I and II] and other allied structures at JPNI Airport, Patna",Airport Authority of India [AAI],701101,Bihar,10/2018,10/2018,05/2026,08/2026,1216.9,1216.9,1203.48,99.26
8,Development of Keshod Airport.,Airport Authority of India [AAI],619054,Gujarat,01/2024,07/2025,01/2027,-,363.1,363.1,108.64,46.69
9,"Development of Dholera International Greenfield Airport , Gujarat",Airport Authority of India [AAI],701126,Gujarat,06/2022,07/2022,06/2026,09/2026,1305,1551,966.36,88
10,"Construction of NTB complex including apron, taxi track and other associated civil works and electrical & mechanical installations towards Tawi River side at CA Jammu.",Airport Authority of India [AAI],611047,Jammu and Kashmir,10/2023,12/2023,06/2026,11/2026,861.37,861.37,370.44,58.35
11,Construction of New Domestic Terminal Building and Miscellaneous works at Hubli Airport,Airport Authority of India [AAI],612787,Karnataka,06/2023,01/2024,01/2026,09/2026,320.47,320.47,169.11,88.5
12,Construction of New Domestic Terminal Building and Miscellaneous Works at Belagavi Airport.,Airport Authority of India [AAI],612788,Karnataka,06/2023,02/2024,02/2026,08/2026,322.45,322.45,240.99,97
13,"Development of additional RESA on either end on Runway 10-28 at Calicut Airport. Construction of embankment with slope protection, drainage system and associated works for additional RESA on either end on Runway 10-28",Airport Authority of India [AAI],612789,Kerala,06/2023,02/2024,09/2025,12/2026,484.57,484.57,242.51,65.8
14,"Construction of Terminal Building & Associated works at Leh Airport, Ladakh",Airport Authority of India [AAI],400010,Ladakh,07/2018,09/2018,09/2021,07/2026,480,640,512.55,88
15,C/o NITB Imphal Airport,Airport Authority of India [AAI],706718,Manipur,11/2021,07/2022,07/2024,12/2026,499,499,212.17,53.14
16,"SITC of ATM Automation System and ASMGCS [Including SMR & MLAT] for Mumbai, Navi Mumbai, Jewar [earlier MOPA, without ASMGCS], HIAL & BIAL",Airport Authority of India [AAI],611570,"Multi-States (Karnataka, Maharashtra, Telangana, Uttar Pradesh)",12/2020,10/2022,09/2025,08/2026,500.48,500.48,399.77,80
17,"Development of New Greenfield Airport at Bundi, Kota Rajasthan.",Airport Authority of India [AAI],618977,Rajasthan,08/2025,10/2025,10/2027,11/2027,1507,1507,81.41,13.6
18,Construction of New Passenger Terminal Building for Domestic Operations at Jodhpur Airport.,Airport Authority of India [AAI],701127,Rajasthan,06/2022,05/2023,03/2026,06/2026,480,480,348.2,100
19,Construction of New Integrated Passenger Terminal Building at Udaipur Airport,Airport Authority of India [AAI],701128,Rajasthan,06/2023,11/2023,03/2026,09/2026,887,887,587.22,78.71
20,"Widening of basic strip at Western Side of Runway Chainage 80m to 920m i/c slope stabilization Measures [Balance work] of uphill and Improvement of Storm Water Drainage System at Pakyong Airport, Sikkim on design & build basis [EPC] with integrated 10 years maintenance.",Airport Authority of India [AAI],612793,Sikkim,11/2023,12/2023,06/2026,06/2027,323.26,323.26,87.61,36.14
21,"Modernization of Chennai Airport, Phase II, Part 2",Airport Authority of India [AAI],611602,Tamil Nadu,05/2018,06/2023,07/2025,12/2026,1207,1207,331.85,46
22,"Development of Lal Bahadur Shastri International airport, Varanasi including C/o New Terminal Building, Apron Extension, Runway Extension, PTT and allied works.",Airport Authority of India [AAI],701113,Uttar Pradesh,07/2024,07/2024,07/2027,07/2027,2869.65,2869.65,746.93,33
23,Development of New Integrated Civil Enclave at Agra Airport,Airport Authority of India [AAI],701122,Uttar Pradesh,06/2024,07/2024,07/2026,11/2026,579,579,224.58,44.94
24,Development of New Civil Enclave at Bagdogra Airport,Airport Authority of India [AAI],611495,West Bengal,08/2024,09/2024,03/2027,03/2027,1549,1549,548.3,27.9
25,"Re-Construction of Rigid portions of Secondary Runway, K and A Taxiway and Strengthening of C Taxiway at NSCBI Airport Kolkata.",Airport Authority of India [AAI],612791,West Bengal,03/2023,12/2023,10/2025,08/2026,328.3,328.3,153.52,73.5
64,CHUPERBHITA SIMLONG OCP MDO 6,ECL - CIL,616225,Jharkhand,12/2023,12/2023,03/2037,-,979.08,979.08,0,0.05
65,JARANGDIH EXPN. OCP 1.5 MTY,CCL - CIL,616236,Jharkhand,02/2020,02/2020,03/2029,-,372.06,372.06,85.6,32.99
66,BLOCK E OCP,BCCL - CIL,616253,Jharkhand,03/2024,03/2024,03/2029,-,5850.83,5850.83,20.32,4.18
67,"Revised Jharia Master Plan for Dealing with Fire, Subsidence & Rehabilitation of affected families in Jharia Coalfield- Reg.",Bharat Coking Coal Limited [BCCL],617416,Jharkhand,06/2025,07/2025,12/2028,-,5940.47,5940.47,520.75,34
68,North Dhadu Western Part OCP,NLC India Limited [NLCIL],617764,Jharkhand,10/2023,12/2023,03/2029,-,1354.2,1354.2,233.77,40
69,AMADAND OCP[4.0MTY],SECL - CIL,400148,Madhya Pradesh,03/2016,03/2016,03/2021,03/2027,869.44,869.44,325.09,75.15
70,BLOCK B EXPANSION [3.5 TO 8.0,NCL - CIL,400162,Madhya Pradesh,07/2019,07/2019,03/2023,03/2027,998.71,998.71,545.34,51.31
71,NIGAHI EXPANSION [15 TO 25 MTP,NCL - CIL,400321,Madhya Pradesh,11/2020,11/2020,03/2025,03/2028,1729.68,1729.68,985.35,53.73
72,KANCHAN OC EXP,SECL - CIL,613802,Madhya Pradesh,12/2014,12/2014,03/2026,03/2028,371.04,371.04,157.9,58.2
73,JHIRIA WEST OCP [1.5 MTY],SECL - CIL,613803,Madhya Pradesh,01/2024,01/2024,03/2029,-,366.94,366.94,37.19,41.29
74,RPR TAWA-III UG 0.84 MTY,WCL - CIL,613804,Madhya Pradesh,12/2021,12/2021,03/2027,-,314.09,314.09,17.9,17.78
75,AMALGAMATED DHANKASA & JAMUNIA,WCL - CIL,615185,Madhya Pradesh,09/2022,09/2022,03/2027,-,399.2,399.2,117.2,67.13
76,RPR OF VISHNUPURI UG TO OC,WCL - CIL,615187,Madhya Pradesh,11/2022,11/2022,03/2029,-,220.62,220.62,0,11.2
77,URDHAN EXPANSION OC COST PLUS,WCL - CIL,615194,Madhya Pradesh,07/2022,01/2023,03/2031,-,206.88,206.88,50.69,2.02
78,SHARDA UG MINE,WCL - CIL,615195,Madhya Pradesh,07/2022,09/2023,03/2028,-,166.25,166.25,5.93,9.39
79,GANDHIGRAM UG MINE,WCL - CIL,615206,Madhya Pradesh,08/2019,08/2019,03/2026,03/2027,414.15,414.15,28.54,56.88
80,JAYANT EXPN. [20 TO 38 MTPA],NCL - CIL,619032,Madhya Pradesh,02/2025,02/2025,03/2032,-,25560.48,25560.48,333.3,2.1
81,RPR FOR RAMPUR BATURA OCP,SECL - CIL,619053,Madhya Pradesh,05/2025,05/2025,03/2030,-,1604.69,1604.69,75.28,0.3
82,BHATADI EXPANSION OC,WCL - CIL,400033,Maharashtra,02/2020,05/2022,03/2028,-,580.61,580.61,112.17,34.25
83,AMALGAMATED YEKONA I & YEKONA,WCL - CIL,400177,Maharashtra,08/2015,08/2015,03/2025,03/2027,727.28,727.28,564.25,80.77
84,DINESH[MAKARDHOKRA-III] OC,WCL - CIL,400178,Maharashtra,02/2020,02/2020,03/2027,-,822.88,822.88,792,40.63
85,DHUPTALA OC [SASTI UG TO OC ],WCL - CIL,400353,Maharashtra,02/2019,10/2021,03/2028,-,711.01,711.01,174.66,19.02
122,Jawahar Khani Open Cast Mine,Singareni Collieries Company Limited [SCCL],615818,Telangana,12/2021,12/2021,03/2025,03/2027,297.88,297.88,50.39,20
123,Kalyanikhani Opencast Project,Singareni Collieries Company Limited [SCCL],615858,Telangana,03/2016,05/2017,03/2026,-,384.32,384.32,304.39,77
124,Godavarikhani Coal Mine - 5,Singareni Collieries Company Limited [SCCL],615860,Telangana,07/2019,05/2019,03/2025,03/2026,607.04,607.04,201,71
125,Indaram Opencast Project,Singareni Collieries Company Limited [SCCL],615861,Telangana,08/2017,12/2022,03/2025,03/2026,424.81,424.81,408.69,81
126,Goleti Opencast Mine,Singareni Collieries Company Limited [SCCL],615862,Telangana,07/2021,08/2021,03/2026,-,345.6,345.6,111.94,33
127,Venkatesh Khani Coal Mine,Singareni Collieries Company Limited [SCCL],615863,Telangana,10/2020,06/2020,03/2026,-,484.5,484.5,477.14,97
128,Kakatiyakhani OC - 2 Project,Singareni Collieries Company Limited [SCCL],615865,Telangana,08/2017,09/2017,03/2025,03/2026,442.42,442.42,253.41,64
129,MOHANPUR EXPANSION OC -PHASE I,Eastern Coal Fields Limited [ECL],400173,West Bengal,11/2020,11/2020,03/2026,03/2030,888.99,888.99,153.96,31.52
130,BONJEMEHARI EXPANSION OCP,Eastern Coal Fields Limited [ECL],400180,West Bengal,08/2021,08/2021,03/2026,03/2030,570.11,570.11,98.58,17.13
131,NAKRAKONDA KUMARDIH- B OCP,ECL - CIL,400181,West Bengal,08/2018,08/2018,03/2029,-,502.68,502.67,88.9,28.58
139,50 MW Wind Power Project,NLC India Limited,617299,Gujarat,07/2022,01/2024,06/2025,12/2026,383.84,383.84,333.34,52
140,600 MW Khavda Solar Power Project,NLC India Limited [NLCIL],617730,Gujarat,08/2023,06/2024,06/2026,12/2026,3335.85,3335.85,2122.95,62
141,200 MW SPP part of 510 MW CPSU scheme,NLC India Limited [NLCIL],618991,Gujarat,07/2022,03/2024,12/2026,-,1221.41,1221.41,71.51,0
142,100 MW SPP part of SECI 150 MW Hybrid,NLC India Limited [NLCIL],618992,Gujarat,07/2022,04/2024,12/2026,-,480.68,480.68,2.75,1.2
143,NLC Talabira Thermal Power Project,NLC India Limited,400231,Odisha,01/2017,01/2024,03/2030,-,27212.96,27212.96,3574.21,4.1
144,810 MW Solar Power Project - Rajasthan,NLC India Limited [NLCIL],618981,Rajasthan,10/2024,09/2025,03/2028,-,4147.07,4147.07,249.95,0
145,Dharamjaigarh-Korba (Railway),Railway,400203,Chhattisgarh,05/2018,03/2017,12/2026,08/2026,1686.22,2438.53,792.73,43.7
146,Shivpur-Kathautia New Rail [BG] Line [49 km] [Package II of Tori-Shivpur-Kathautia line],Ministry of Coal,400416,Jharkhand,02/2018,05/2022,06/2025,06/2027,1799.64,2564.34,1784.77,72
147,Tubed Coal Mine,Damodar Valley Corporation,400192,Jharkhand,07/2016,10/2016,05/2026,12/2026,1581,1581,624.86,37
148,Badam Coal Mining project of NTPC,National Thermal Power Corporation [NTPC],603293,Jharkhand,02/2019,09/2019,12/2056,04/2027,502,784,438.57,67.86
151,186 MW Tato-I H E Project,North Eastern Electric Power Corporation Limited,611699,Arunachal Pradesh,12/2024,05/2025,07/2029,-,1750.07,1750.07,79.45,5.6
152,700 MW Tato-II HE Project,North Eastern Electric Power Corporation Limited,611716,Arunachal Pradesh,09/2025,09/2025,09/2031,-,8146.21,8146.21,253.97,6.59
153,Kalai-II Hydro Electric Project [1200 MW],THDC India Limited,619311,Arunachal Pradesh,04/2026,04/2026,10/2032,-,14105.83,14105.83,189.68,0
154,Buxar Thermal Power Project [1320 MW],Satluj Jal Vidyut Nigam [SJVN] Thermal Limited,602579,Bihar,03/2019,06/2019,01/2024,05/2026,10439.09,13756.56,13731.77,95.01
155,"Nabinagar Super Thermal Power Project, Stage-II [3x800 MW]",National Thermal Power Corporation [NTPC],619051,Bihar,11/2024,03/2025,07/2030,07/2030,29948,29948,3422.25,15
156,Lara Super Thermal Power Project Stage-II [2 x 800 MW],National Thermal Power Corporation [NTPC],611930,Chhattisgarh,08/2023,08/2023,06/2028,11/2028,15530,16106,5472.13,33.5
157,"Sipat Super Thermal Power Project, Stage-III [1x800 MW]",National Thermal Power Corporation [NTPC],617188,Chhattisgarh,09/2024,09/2024,09/2029,11/2029,9791,9791,1910.55,22.31
158,Bagodara Solar Power Project,Satluj Jal Vidyut Nigam [SJVN] Thermal Limited,709747,Gujarat,03/2021,05/2021,12/2025,12/2025,339.35,339.35,370,51.86
159,Dhaulasidh Hydro Electric Project [66 MW],Satluj Jal Vidyut Nigam [SJVN] Thermal Limited,602582,Himachal Pradesh,10/2020,05/2021,11/2025,03/2027,687.97,1763.31,1275.68,80.69
160,Luhri Stage-I Hydro Electric Project [210 MW],Satluj Jal Vidyut Nigam [SJVN] Thermal Limited,602593,Himachal Pradesh,11/2020,11/2020,01/2026,05/2030,1810.56,4345.31,1980.59,52.13
161,Sunni Dam Hydro Electric Project [382 MW],Satluj Jal Vidyut Nigam [SJVN] Thermal Limited,611586,Himachal Pradesh,01/2023,01/2023,04/2028,12/2029,2614.51,4555.49,1152.21,34.66
162,"Pakal Dul [Drangdhuran] Hydroelectric Project, 1000 MW",National Hydroelectric Power Corporation Limited [NHPC],602525,Jammu and Kashmir,10/2014,02/2018,04/2020,12/2026,8112.12,12728,9313.54,82.05
163,Kiru HE Project,National Hydroelectric Power Corporation Limited [NHPC],602532,Jammu and Kashmir,03/2019,02/2020,09/2023,12/2026,4287.59,5409,3948.67,87
164,"Ratle HE Project - 850 MW, Ratle Hydroelectric Power Corporation Limited.",National Hydroelectric Power Corporation Limited [NHPC],602535,Jammu and Kashmir,02/2021,01/2022,02/2026,11/2028,5281.94,5281.94,1645.11,31.53
165,Kwar HE Project,National Hydroelectric Power Corporation Limited [NHPC],605155,Jammu and Kashmir,05/2022,11/2022,11/2026,03/2028,4526.12,4526.12,1701.47,36.52
166,Patratu Thermal Power Station Expansion Project Phase-I [3x800 MW],National Thermal Power Corporation [NTPC],400261,Jharkhand,11/2017,11/2017,03/2023,04/2027,18668,20302,19735.72,92
167,"Koderma Thermal Power Station Phase II [2X800 MW] At Koderma, Jharkhand",Damodar Valley Corporation,611509,Jharkhand,04/2023,11/2024,07/2029,-,14358,14358,2229.31,14.3
168,"Gadarwara Super Thermal Power Project, Stage-II [2x800 MW]",National Thermal Power Corporation [NTPC],618976,Madhya Pradesh,11/2024,05/2025,03/2030,03/2030,20446,20446,2329.76,11.5
169,Subansiri Lower HE Project [2000 MW],National Hydroelectric Power Corporation Limited [NHPC],602096,"Multi-States (Arunachal Pradesh, Assam)",09/2003,01/2005,09/2010,03/2027,6285.33,26075.54,26448.07,97.98
170,Talcher Thermal Power Station Stage III [2 x 660 MW] Expansion,National Thermal Power Corporation [NTPC],602961,Odisha,08/2022,09/2022,05/2027,05/2028,11843.75,12543,7031.31,55
171,"Darlipali Super Thermal Power Project, Stage-II [1x800 MW]",National Thermal Power Corporation [NTPC],619056,Odisha,11/2025,11/2025,01/2031,05/2031,11131,11131,566.2,2.7
172,"TEESTA-VI HE PROJECT, SIKKIM [500 MW], executed by LANCO TEESTA HYDRO POWER LIMITED [A wholly owned Subsidiary of NHPC LTD. acquired through NCLT]",National Hydroelectric Power Corporation Limited [NHPC],602181,Sikkim,03/2019,03/2020,03/2024,09/2029,5748.04,5748.04,4572.68,73.78
173,Rangit-IV HE Project [120 MW] executed by Jal Power Corporation Ltd. [JPCL] - A wholly owned subsidiary of NHPC Ltd. acquired through NCLT,National Hydroelectric Power Corporation Limited [NHPC],605156,Sikkim,03/2021,08/2021,05/2024,11/2026,938.29,1828.11,1718.16,97.56
174,"Telangana Super Thermal Power Project , Stage-II [3 x 800 MW]",National Thermal Power Corporation [NTPC],619341,Telangana,03/2026,03/2026,01/2032,-,29344.85,29344.85,732.96,0.97
175,"Meja Thermal Power Project, Stage-II , (3x800 MW)",National Thermal Power Corporation [NTPC],298178,Uttar Pradesh,06/2026,06/2026,12/2032,-,38358,38358,1002.73,0.02
176,"Singrauli Super Thermal Power Project, Stage-III [2x800 MW]",National Thermal Power Corporation [NTPC],612142,Uttar Pradesh,03/2024,03/2024,02/2030,04/2030,17195,17195,3840.48,25
177,Tapovan-Vishnugad HEP [4x130 MW],National Thermal Power Corporation [NTPC],602185,Uttarakhand,11/2006,11/2006,03/2013,07/2029,2978,10907.3,7827.81,76.07
178,Vishnugad Pipalkoti Hydro Electric Project [444 MW],THDC India Limited,602195,Uttarakhand,08/2008,01/2014,12/2022,06/2028,3860.35,6405.08,5832.69,81.5
179,"Raghunathpur Thermal Power Station Phase II [2X660 MW] at Raghunathpur, Purulia, West Bengal",Damodar Valley Corporation,400062,West Bengal,01/2023,02/2025,08/2029,-,17673,17673,2268.62,13
180,Rammam-III HEPP [3x40 MW],National Thermal Power Corporation [NTPC],602184,West Bengal,09/2014,09/2014,09/2019,09/2029,1381.84,2865.56,1690.73,57.86
181,Installation of FGD for 4x210 & 2x250 MW MTPS U 1-6,Damodar Valley Corporation,602538,West Bengal,06/2019,02/2021,01/2024,09/2026,1037,1106,1143.06,97
182,Transmission system strengthening at Kurnool- III PS for integration of additional RE generation projects [POWERGRID Kurnool III PS RE Transmission Limited],Power Grid Corporation of India Limited [POWERGRID],617183,Andhra Pradesh,03/2025,03/2025,12/2027,-,2886,2886,894.66,43.89
183,North Eastern Region Expansion Scheme-XXIII [NERES-XXIII],Power Grid Corporation of India Limited [POWERGRID],617375,Arunachal Pradesh,08/2025,08/2025,02/2028,-,209.38,209.38,3.14,3.89
184,Transmission system for evacuation of Power from REZ in Rajasthan [20 GW] under phase-III Part-D Phase-II,Power Grid Corporation of India Limited [POWERGRID],615336,Delhi,11/2023,10/2024,02/2026,12/2026,284,284,90.88,45.94
185,Transmission system for Evacuation of Additional 7 GW RE power from Khavda RE park under Phase-III Part B [Vataman Transmission Limited],Power Grid Corporation of India Limited [POWERGRID],612139,Gujarat,12/2023,12/2023,12/2025,12/2026,4231,4231,3175.79,72.12
186,Transmission System for Evacuation of Power from Potential Energy Renewable Zone in Khavda Area of Gujarat under Ph-IV [7GW] Part E2,Power Grid Corporation of India Limited [POWERGRID],612855,Gujarat,05/2024,05/2024,05/2026,09/2026,697,697,592.45,82
187,Augmentation of Transformation Capacity at jam Khambhaliya PS [GIS] [SPV Name POWERGRID Jam Khambhaliya Transmission Limited],Power Grid Corporation of India Limited [POWERGRID],615342,Gujarat,10/2024,10/2024,07/2026,04/2027,329,329,72.38,33
188,Provision of Dynamic Reactive Compensation at Khavda pooling Station 1 [KPS1] and Khavda Pooling station 3 [KPS3],Power Grid Corporation of India Limited [POWERGRID],615343,Gujarat,11/2024,11/2024,11/2026,-,501,501,26.45,8.67
189,Transmission System for Evacuation of Power from Potential Renewable Energy Zone in Khavda area of Gujarat under Phase-IV [7GW] Part B [SPV Name POWERGRID South Olpad Transmission Limited],Power Grid Corporation of India Limited [POWERGRID],615345,Gujarat,10/2024,10/2024,10/2026,10/2027,4766,4766,2144.7,38.26
190,Augmentation of Transformation Capacity at KPS1 [GIS] and KPS2 [GIS] [Phase-V Part B1 and Part B2 Scheme] [SPV Name- POWERGRID KPS1 and 2 Augmentation Transmission Limited],Power Grid Corporation of India Limited [POWERGRID],617069,Gujarat,02/2025,02/2025,02/2027,-,466,466,154.9,37
191,Augmentation of Banaskantha [Raghanesda] PS [GIS] [POWERGRID Banaskantha Transco Limited],Power Grid Corporation of India Limited [POWERGRID],617182,Gujarat,03/2025,03/2025,03/2027,-,172,172,61.92,42
210,Transmission System for evacuation of power from Mahan Energen Limited Generating Station in Madhya Pradesh [SPV Name - POWERGRID MEL Power Transmission Limited],Power Grid Corporation of India Limited [POWERGRID],617279,Madhya Pradesh,06/2025,06/2025,12/2027,-,558,558,180.9,18.47
211,Augmentation of Transformation Capacity and Implementation of Line Bays at Mandsaur S/S for RE Interconnection [SPV Name- POWERGRID Mandsaur I RE Transmission Limited],Power Grid Corporation of India Limited [POWERGRID],617802,Madhya Pradesh,10/2025,10/2025,03/2028,-,319,319,17.23,4.8
212,Mahan Transmission Limited,Adani Transmission Limited,619024,Madhya Pradesh,03/2025,03/2025,04/2027,-,3125.32,3125.32,542.79,30
213,WRNES Talegaon Power Transmission Limited,Adani Transmission Limited,619027,Maharashtra,05/2025,05/2025,01/2028,-,2000,2000,25,5
214,Network Expansion Scheme in Maharashtra for removal of Transmission constraints in Pune Region-I [765/400kV AIS Pune East],Power Grid Corporation of India Limited [POWERGRID],619227,Maharashtra,03/2026,03/2026,03/2028,-,1420,1420,38.9,3.92
215,Transmission System for Integration of Kurnool-IV REZ Phase-I [for 4.5 GW] [POWERGRID Kurnool-IV Transmission Limited],Power Grid Corporation of India Limited [POWERGRID],617185,"Multi-States (Andhra Pradesh, Karnataka)",03/2025,03/2025,03/2027,09/2027,5550,5550,1776,28.77
216,Transmission System for Integration of Ananthapur 2 REZ Phase 1 for 4.5 GW. SPV Name Anantapuram 2 REZ Transmission Ltd,Sterlite Power,617806,"Multi-States (Andhra Pradesh, Karnataka)",08/2024,03/2025,03/2027,-,4535.99,4535.99,1207.57,64
217,Inter-Regional Strengthening between SR Grid and ER Grid,Power Grid Corporation of India Limited [POWERGRID],619030,"Multi-States (Andhra Pradesh, Odisha)",02/2026,02/2026,08/2028,-,2722.5,2722.5,190.57,3
218,Comprehensive Scheme for Strengthening of Transmission and Distribution [T&D] Systems [CSST&DS] in Arunachal Pradesh and Sikkim,Power Grid Corporation of India Limited [POWERGRID],602223,"Multi-States (Arunachal Pradesh, Sikkim)",10/2014,10/2014,12/2018,03/2027,4754.42,9129.32,8141.52,83.9
219,NORTH EASTERN REGION POWER SYSTEM IMPROVEMENT PROJECT [NERPSIP],Power Grid Corporation of India Limited [POWERGRID],607709,"Multi-States (Assam, Manipur, Meghalaya, Mizoram, Nagaland, Tripura)",12/2014,03/2016,12/2018,03/2027,5111.33,6700,5577.75,99.2
220,Eastern Region Expansion Scheme-43 [ERES-43],Power Grid Corporation of India Limited [POWERGRID],617271,"Multi-States (Bihar, Odisha, West Bengal)",09/2024,09/2024,03/2026,09/2026,342.69,342.69,143.93,29.75
221,Inter-regional [NR-WR] Transmission System strengthening to relieve the loading of 765 kV Vindhyachal-Varanasi D/c line,Power Grid Corporation of India Limited [POWERGRID],617807,"Multi-States (Bihar, Uttar Pradesh)",10/2025,10/2025,10/2027,-,2368,2368,157.94,6.38
222,Eastern Region Expansion Scheme-44 [ERES-44],Power Grid Corporation of India Limited [POWERGRID],617270,"Multi-States (Bihar, West Bengal)",11/2024,11/2024,05/2026,09/2027,408.94,408.94,6.13,1.5
223,Transmission Scheme for Evacuation of power from REZ in Rajasthan [20 GW] under Phase-III Part D Phase I [Sikar Khetri Transmission Ltd],Power Grid Corporation of India Limited [POWERGRID],612132,"Multi-States (Delhi, Haryana, Rajasthan)",02/2024,02/2024,08/2025,03/2027,2423,2423,2229.16,92.47
224,Transmission system for evacuation of power from REZ in Rajasthan 20GW under Phase-III Part J,Power Grid Corporation of India Limited [POWERGRID],611735,"Multi-States (Delhi, Rajasthan)",12/2022,12/2022,03/2025,12/2026,331,331,235.01,68.9
225,TRANSMISSION SYSTEM FOR EVACUATION OF POWER FROM POTENTIAL RENEWABLE ENERGY ZONE IN KHAVDA AREA OF GUJARAT UNDER PHASE-V [8 GW] PART A [SPV Name POWERGRID West Central Transmission Limited],Power Grid Corporation of India Limited [POWERGRID],615347,"Multi-States (Gujarat, Maharashtra)",11/2024,11/2024,05/2029,-,24819,24819,2978.28,18.56
226,Transmission system for evacuation of power from Rajasthan REZ Ph-IV [Part3/6GW] [Bikaner complex] Part A [SPV Name POWERGRID Bikaner IV Transmission Limited],Power Grid Corporation of India Limited [POWERGRID],615339,"Multi-States (Haryana, Punjab, Rajasthan)",11/2024,11/2024,11/2026,04/2027,5969,5969,1969.77,33.3
227,TRANSMISSION SYSTEM FOR EVACUATION OF POWER FROM RAJASTHAN REZ PH-IV [PART-3/ 6 GW] [BIKANER COMPLEX] PART B [SPV Name POWERGRID Siwani Transmission Limited],Power Grid Corporation of India Limited [POWERGRID],615340,"Multi-States (Haryana, Rajasthan)",11/2024,11/2024,11/2026,03/2027,5357,5357,1921.02,36.53
228,Inter-Regional Strengthening between SR Grid and WR Grid,Power Grid Corporation of India Limited [POWERGRID],617808,"Multi-States (Karnataka, Maharashtra)",10/2025,10/2025,10/2027,-,1007,1007,50.35,3
229,"Transmission Scheme for Solar Energy Zone in Bidar [2500 MW], Karnataka [Bidar Transmission Ltd]",Power Grid Corporation of India Limited [POWERGRID],612138,"Multi-States (Karnataka, Telangana)",02/2024,02/2024,02/2026,08/2026,1368,1368,1258.56,96.84
230,Transmission System for Evacuation of Power from Rajasthan REZ Ph-IV [Part-2 5.5 GW] [Jaisalmer/Barmer Complex] Part D [SPV Name POWERGRID Beawar Mandsaur Transmission Limited],Power Grid Corporation of India Limited [POWERGRID],615333,"Multi-States (Madhya Pradesh, Rajasthan)",08/2024,08/2024,08/2026,12/2026,2227,2227,1113.5,49.31
231,Transmission System for Evacuation of Power from Rajasthan REZ Ph-IV [Part-2 5.5 GW] [Jaisalmer/Barmer Complex] Part E [SPV Name POWERGRID Mewar Transmission Limited],Power Grid Corporation of India Limited [POWERGRID],615334,"Multi-States (Madhya Pradesh, Rajasthan)",08/2024,08/2024,08/2026,04/2027,3251,3251,2048.13,46.87
232,Rajasthan REZ Ph-V [Part-1- 4 GW] [Sirohi/Nagaur] Complex [Rajasthan V Power Transmission Limited],Power Grid Corporation of India Limited [POWERGRID],617186,"Multi-States (Madhya Pradesh, Rajasthan)",03/2025,03/2025,03/2027,06/2027,5028,5028,1508.4,34.03
233,RAJASTHAN PART I POWER TRANSMISSION LIMITED,Adani Transmission Limited,619025,"Multi-States (Madhya Pradesh, Rajasthan, Uttar Pradesh)",01/2025,01/2025,07/2029,-,25000,25000,735.05,10
234,Transmission System for Evacuation of power from Rajasthan REZ Ph-IV [Part-1] [Bikaner Complex] Part D [Neemrana Bareilly Transmission Ltd],Power Grid Corporation of India Limited [POWERGRID],612133,"Multi-States (Rajasthan, Uttar Pradesh)",12/2023,12/2023,12/2025,04/2027,3271,3271,2731.29,73.45
235,Transmission System for evacuation of Power from Rajasthan REZ Ph-IV [Part-4 3.5 GW] Part A [SPV name POWERGRID Ghiror Transmission Limited],Power Grid Corporation of India Limited [POWERGRID],616670,"Multi-States (Rajasthan, Uttar Pradesh)",12/2024,12/2024,12/2026,06/2027,5846,5846,1953.73,40.71
236,Transmission system for evacuation of power from REZ in Rajasthan 20 GW under Phase-III part C1,Power Grid Corporation of India Limited [POWERGRID],611949,Rajasthan,10/2023,10/2023,04/2025,08/2026,1160,1160,1148.4,99.87
237,Transmission System for Evacuation of power from Rajasthan REZ Ph-IV [Part-1] [Bikaner Complex] Part A [Bikaner Neemrana Transmission Ltd],Power Grid Corporation of India Limited [POWERGRID],612134,Rajasthan,12/2023,12/2023,12/2025,04/2027,4741,4741,3887.62,79.39
238,Transmission System for Evacuation of Power from Rajasthan REZ Ph-IV [Part-2 5.5 GW][Jaisalmer/Barmer Complex] Part B [SPV Name POWERGRID Sirohi Transmission Limited],Power Grid Corporation of India Limited [POWERGRID],615332,Rajasthan,08/2024,08/2024,08/2026,03/2027,3279,3279,1901.82,56.15
239,Transmission System Strengthening for Interconnections of Bhadla-III & Bikaner III Complex [SPV Name POWERGRID BHADLA BIKANER TRANSMISSION LIMITED],Power Grid Corporation of India Limited [POWERGRID],615335,Rajasthan,08/2024,08/2024,08/2026,03/2027,1382,1382,628.81,57.31
240,Additional Transmission System for evacuation of Power from Bhadla-III PS as part of Rajasthan REZ Phase III Scheme [20 GW] [SPV Name POWERGRID Bhadla-III Power Transmission Limited],Power Grid Corporation of India Limited [POWERGRID],615337,Rajasthan,08/2024,08/2024,02/2026,09/2026,369,369,258.3,87.1
241,TRANSMISSION SYSTEM FOR EVACUATION OF POWER FROM RAJASTHAN REZ PH -IV [PART-2 5.5 GW] [JAISALMER/BARMER COMPLEX] PART F [SPV Name POWERGRID BARMER I TRANSMISSION LIMITED],Power Grid Corporation of India Limited [POWERGRID],615338,Rajasthan,11/2024,11/2024,11/2026,06/2027,2735,2735,1121.35,47.28
242,"Augmentation at Fatehgarh-II PS, Fatehgarh-IV PS [Section-II] and Barmer-I PS [POWERGRID Fatehgarh Barmer Augmentation Transmission Limited]",Power Grid Corporation of India Limited [POWERGRID],617181,Rajasthan,03/2025,03/2025,12/2026,06/2027,404,404,32.32,17.2
243,Transmission System under ISTS for evacuation of Power from Kudankulam Unit-3&4 [2x1000 MW] [SPV Name POWERGRID Kudankulam Tarnsmission Limited],Power Grid Corporation of India Limited [POWERGRID],616671,Tamil Nadu,01/2025,01/2025,12/2026,03/2027,548,548,208.24,23.78
244,Transmission System for Strengthening to facilitate evacuation of power from Bhadla/Bikaner Complex,Power Grid Corporation of India Limited [POWERGRID],617269,Uttar Pradesh,12/2024,12/2024,06/2026,12/2026,212.81,212.81,12.76,12.07
